State,ZipCode,TaxRegionName,TaxRegionCode,CombinedRate,StateRate,CountyRate,CityRate,SpecialRate
NJ,07001,NEW JERSEY STATE,BEJY,0.070000,0.070000,0,0,0
NJ,07002,NEW JERSEY STATE,BEJY,0.070000,0.070000,0,0,0
NJ,07003,NEW JERSEY STATE,BEJY,0.070000,0.070000,0,0,0
NJ,07004,NEW JERSEY STATE,BEJY,0.070000,0.070000,0,0,0
NJ,07005,NEW JERSEY STATE,BEJY,0.070000,0.070000,0,0,0
NJ,07006,NEW JERSEY STATE,BEJY,0.070000,0.070000,0,0,0
NJ,07007,NEW JERSEY STATE,BEJY,0.070000,0.070000,0,0,0
NJ,07008,NEW JERSEY STATE,BEJY,0.070000,0.070000,0,0,0
NJ,07009,NEW JERSEY STATE,BEJY,0.070000,0.070000,0,0,0
NJ,07010,NEW JERSEY STATE,BEJY,0.070000,0.070000,0,0,0
NJ,07011,NEW JERSEY STATE,BEJY,0.070000,0.070000,0,0,0
NJ,07012,NEW JERSEY STATE,BEJY,0.070000,0.070000,0,0,0
NJ,07013,NEW JERSEY STATE,BEJY,0.070000,0.070000,0,0,0
NJ,07014,NEW JERSEY STATE,BEJY,0.070000,0.070000,0,0,0
NJ,07015,NEW JERSEY STATE,BEJY,0.070000,0.070000,0,0,0
NJ,07016,NEW JERSEY STATE,BEJY,0.070000,0.070000,0,0,0
NJ,07017,NEW JERSEY STATE,BEJY,0.070000,0.070000,0,0,0
NJ,07018,NEW JERSEY STATE,BEJY,0.070000,0.070000,0,0,0
NJ,07019,NEW JERSEY STATE,BEJY,0.070000,0.070000,0,0,0
NJ,07020,NEW JERSEY STATE,BEJY,0.070000,0.070000,0,0,0
NJ,07021,NEW JERSEY STATE,BEJY,0.070000,0.070000,0,0,0
NJ,07022,NEW JERSEY STATE,BEJY,0.070000,0.070000,0,0,0
NJ,07023,NEW JERSEY STATE,BEJY,0.070000,0.070000,0,0,0
NJ,07024,NEW JERSEY STATE,BEJY,0.070000,0.070000,0,0,0
NJ,07026,NEW JERSEY STATE,BEJY,0.070000,0.070000,0,0,0
NJ,07027,NEW JERSEY STATE,BEJY,0.070000,0.070000,0,0,0
NJ,07028,NEW JERSEY STATE,BEJY,0.070000,0.070000,0,0,0
NJ,07029,NEW JERSEY STATE,BEJY,0.070000,0.070000,0,0,0
NJ,07030,NEW JERSEY STATE,BEJY,0.070000,0.070000,0,0,0
NJ,07031,NEW JERSEY STATE,BEJY,0.070000,0.070000,0,0,0
NJ,07032,NEW JERSEY STATE,BEJY,0.070000,0.070000,0,0,0
NJ,07033,NEW JERSEY STATE,BEJY,0.070000,0.070000,0,0,0
NJ,07034,NEW JERSEY STATE,BEJY,0.070000,0.070000,0,0,0
NJ,07035,NEW JERSEY STATE,BEJY,0.070000,0.070000,0,0,0
NJ,07036,NEW JERSEY STATE,BEJY,0.070000,0.070000,0,0,0
NJ,07039,NEW JERSEY STATE,BEJY,0.070000,0.070000,0,0,0
NJ,07040,NEW JERSEY STATE,BEJY,0.070000,0.070000,0,0,0
NJ,07041,NEW JERSEY STATE,BEJY,0.070000,0.070000,0,0,0
NJ,07042,NEW JERSEY STATE,BEJY,0.070000,0.070000,0,0,0
NJ,07043,NEW JERSEY STATE,BEJY,0.070000,0.070000,0,0,0
NJ,07044,NEW JERSEY STATE,BEJY,0.070000,0.070000,0,0,0
NJ,07045,NEW JERSEY STATE,BEJY,0.070000,0.070000,0,0,0
NJ,07046,NEW JERSEY STATE,BEJY,0.070000,0.070000,0,0,0
NJ,07047,NEW JERSEY STATE,BEJY,0.070000,0.070000,0,0,0
NJ,07050,NEW JERSEY STATE,BEJY,0.070000,0.070000,0,0,0
NJ,07051,NEW JERSEY STATE,BEJY,0.070000,0.070000,0,0,0
NJ,07052,NEW JERSEY STATE,BEJY,0.070000,0.070000,0,0,0
NJ,07054,NEW JERSEY STATE,BEJY,0.070000,0.070000,0,0,0
NJ,07055,NEW JERSEY STATE,BEJY,0.070000,0.070000,0,0,0
NJ,07057,NEW JERSEY STATE,BEJY,0.070000,0.070000,0,0,0
NJ,07058,NEW JERSEY STATE,BEJY,0.070000,0.070000,0,0,0
NJ,07059,NEW JERSEY STATE,BEJY,0.070000,0.070000,0,0,0
NJ,07060,NEW JERSEY STATE,BEJY,0.070000,0.070000,0,0,0
NJ,07061,NEW JERSEY STATE,BEJY,0.070000,0.070000,0,0,0
NJ,07062,NEW JERSEY STATE,BEJY,0.070000,0.070000,0,0,0
NJ,07063,NEW JERSEY STATE,BEJY,0.070000,0.070000,0,0,0
NJ,07064,NEW JERSEY STATE,BEJY,0.070000,0.070000,0,0,0
NJ,07065,NEW JERSEY STATE,BEJY,0.070000,0.070000,0,0,0
NJ,07066,NEW JERSEY STATE,BEJY,0.070000,0.070000,0,0,0
NJ,07067,NEW JERSEY STATE,BEJY,0.070000,0.070000,0,0,0
NJ,07068,NEW JERSEY STATE,BEJY,0.070000,0.070000,0,0,0
NJ,07069,NEW JERSEY STATE,BEJY,0.070000,0.070000,0,0,0
NJ,07070,NEW JERSEY STATE,BEJY,0.070000,0.070000,0,0,0
NJ,07071,NEW JERSEY STATE,BEJY,0.070000,0.070000,0,0,0
NJ,07072,NEW JERSEY STATE,BEJY,0.070000,0.070000,0,0,0
NJ,07073,NEW JERSEY STATE,BEJY,0.070000,0.070000,0,0,0
NJ,07074,NEW JERSEY STATE,BEJY,0.070000,0.070000,0,0,0
NJ,07075,NEW JERSEY STATE,BEJY,0.070000,0.070000,0,0,0
NJ,07076,NEW JERSEY STATE,BEJY,0.070000,0.070000,0,0,0
NJ,07077,NEW JERSEY STATE,BEJY,0.070000,0.070000,0,0,0
NJ,07078,NEW JERSEY STATE,BEJY,0.070000,0.070000,0,0,0
NJ,07079,NEW JERSEY STATE,BEJY,0.070000,0.070000,0,0,0
NJ,07080,NEW JERSEY STATE,BEJY,0.070000,0.070000,0,0,0
NJ,07081,NEW JERSEY STATE,BEJY,0.070000,0.070000,0,0,0
NJ,07082,NEW JERSEY STATE,BEJY,0.070000,0.070000,0,0,0
NJ,07083,NEW JERSEY STATE,BEJY,0.070000,0.070000,0,0,0
NJ,07086,NEW JERSEY STATE,BEJY,0.070000,0.070000,0,0,0
NJ,07087,NEW JERSEY STATE,BEJY,0.070000,0.070000,0,0,0
NJ,07088,NEW JERSEY STATE,BEJY,0.070000,0.070000,0,0,0
NJ,07090,NEW JERSEY STATE,BEJY,0.070000,0.070000,0,0,0
NJ,07091,NEW JERSEY STATE,BEJY,0.070000,0.070000,0,0,0
NJ,07092,NEW JERSEY STATE,BEJY,0.070000,0.070000,0,0,0
NJ,07093,NEW JERSEY STATE,BEJY,0.070000,0.070000,0,0,0
NJ,07094,NEW JERSEY STATE,BEJY,0.070000,0.070000,0,0,0
NJ,07095,NEW JERSEY STATE,BEJY,0.070000,0.070000,0,0,0
NJ,07096,NEW JERSEY STATE,BEJY,0.070000,0.070000,0,0,0
NJ,07097,NEW JERSEY STATE,BEJY,0.070000,0.070000,0,0,0
NJ,07099,NEW JERSEY STATE,BEJY,0.070000,0.070000,0,0,0
NJ,07101,NEW JERSEY STATE,BEJY,0.070000,0.070000,0,0,0
NJ,07102,NEW JERSEY STATE,BEJY,0.070000,0.070000,0,0,0
NJ,07103,NEW JERSEY STATE,BEJY,0.070000,0.070000,0,0,0
NJ,07104,NEW JERSEY STATE,BEJY,0.070000,0.070000,0,0,0
NJ,07105,NEW JERSEY STATE,BEJY,0.070000,0.070000,0,0,0
NJ,07106,NEW JERSEY STATE,BEJY,0.070000,0.070000,0,0,0
NJ,07107,NEW JERSEY STATE,BEJY,0.070000,0.070000,0,0,0
NJ,07108,NEW JERSEY STATE,BEJY,0.070000,0.070000,0,0,0
NJ,07109,NEW JERSEY STATE,BEJY,0.070000,0.070000,0,0,0
NJ,07110,NEW JERSEY STATE,BEJY,0.070000,0.070000,0,0,0
NJ,07111,NEW JERSEY STATE,BEJY,0.070000,0.070000,0,0,0
NJ,07112,NEW JERSEY STATE,BEJY,0.070000,0.070000,0,0,0
NJ,07114,NEW JERSEY STATE,BEJY,0.070000,0.070000,0,0,0
NJ,07175,NEW JERSEY STATE,BEJY,0.070000,0.070000,0,0,0
NJ,07201,NEW JERSEY STATE,BEJY,0.070000,0.070000,0,0,0
NJ,07202,NEW JERSEY STATE,BEJY,0.070000,0.070000,0,0,0
NJ,07203,NEW JERSEY STATE,BEJY,0.070000,0.070000,0,0,0
NJ,07204,NEW JERSEY STATE,BEJY,0.070000,0.070000,0,0,0
NJ,07205,NEW JERSEY STATE,BEJY,0.070000,0.070000,0,0,0
NJ,07206,NEW JERSEY STATE,BEJY,0.070000,0.070000,0,0,0
NJ,07207,NEW JERSEY STATE,BEJY,0.070000,0.070000,0,0,0
NJ,07208,NEW JERSEY STATE,BEJY,0.070000,0.070000,0,0,0
NJ,07302,NEW JERSEY STATE,BEJY,0.070000,0.070000,0,0,0
NJ,07303,NEW JERSEY STATE,BEJY,0.070000,0.070000,0,0,0
NJ,07304,NEW JERSEY STATE,BEJY,0.070000,0.070000,0,0,0
NJ,07305,NEW JERSEY STATE,BEJY,0.070000,0.070000,0,0,0
NJ,07306,NEW JERSEY STATE,BEJY,0.070000,0.070000,0,0,0
NJ,07307,NEW JERSEY STATE,BEJY,0.070000,0.070000,0,0,0
NJ,07310,NEW JERSEY STATE,BEJY,0.070000,0.070000,0,0,0
NJ,07311,NEW JERSEY STATE,BEJY,0.070000,0.070000,0,0,0
NJ,07395,NEW JERSEY STATE,BEJY,0.070000,0.070000,0,0,0
NJ,07399,NEW JERSEY STATE,BEJY,0.070000,0.070000,0,0,0
NJ,07401,NEW JERSEY STATE,BEJY,0.070000,0.070000,0,0,0
NJ,07403,NEW JERSEY STATE,BEJY,0.070000,0.070000,0,0,0
NJ,07405,NEW JERSEY STATE,BEJY,0.070000,0.070000,0,0,0
NJ,07407,NEW JERSEY STATE,BEJY,0.070000,0.070000,0,0,0
NJ,07410,NEW JERSEY STATE,BEJY,0.070000,0.070000,0,0,0
NJ,07416,NEW JERSEY STATE,BEJY,0.070000,0.070000,0,0,0
NJ,07417,NEW JERSEY STATE,BEJY,0.070000,0.070000,0,0,0
NJ,07418,NEW JERSEY STATE,BEJY,0.070000,0.070000,0,0,0
NJ,07419,NEW JERSEY STATE,BEJY,0.070000,0.070000,0,0,0
NJ,07420,NEW JERSEY STATE,BEJY,0.070000,0.070000,0,0,0
NJ,07421,NEW JERSEY STATE,BEJY,0.070000,0.070000,0,0,0
NJ,07422,NEW JERSEY STATE,BEJY,0.070000,0.070000,0,0,0
NJ,07423,NEW JERSEY STATE,BEJY,0.070000,0.070000,0,0,0
NJ,07424,NEW JERSEY STATE,BEJY,0.070000,0.070000,0,0,0
NJ,07428,NEW JERSEY STATE,BEJY,0.070000,0.070000,0,0,0
NJ,07430,NEW JERSEY STATE,BEJY,0.070000,0.070000,0,0,0
NJ,07432,NEW JERSEY STATE,BEJY,0.070000,0.070000,0,0,0
NJ,07435,NEW JERSEY STATE,BEJY,0.070000,0.070000,0,0,0
NJ,07436,NEW JERSEY STATE,BEJY,0.070000,0.070000,0,0,0
NJ,07438,NEW JERSEY STATE,BEJY,0.070000,0.070000,0,0,0
NJ,07439,NEW JERSEY STATE,BEJY,0.070000,0.070000,0,0,0
NJ,07440,NEW JERSEY STATE,BEJY,0.070000,0.070000,0,0,0
NJ,07442,NEW JERSEY STATE,BEJY,0.070000,0.070000,0,0,0
NJ,07444,NEW JERSEY STATE,BEJY,0.070000,0.070000,0,0,0
NJ,07446,NEW JERSEY STATE,BEJY,0.070000,0.070000,0,0,0
NJ,07450,NEW JERSEY STATE,BEJY,0.070000,0.070000,0,0,0
NJ,07451,NEW JERSEY STATE,BEJY,0.070000,0.070000,0,0,0
NJ,07452,NEW JERSEY STATE,BEJY,0.070000,0.070000,0,0,0
NJ,07456,NEW JERSEY STATE,BEJY,0.070000,0.070000,0,0,0
NJ,07457,NEW JERSEY STATE,BEJY,0.070000,0.070000,0,0,0
NJ,07458,NEW JERSEY STATE,BEJY,0.070000,0.070000,0,0,0
NJ,07460,NEW JERSEY STATE,BEJY,0.070000,0.070000,0,0,0
NJ,07461,NEW JERSEY STATE,BEJY,0.070000,0.070000,0,0,0
NJ,07462,NEW JERSEY STATE,BEJY,0.070000,0.070000,0,0,0
NJ,07463,NEW JERSEY STATE,BEJY,0.070000,0.070000,0,0,0
NJ,07465,NEW JERSEY STATE,BEJY,0.070000,0.070000,0,0,0
NJ,07470,NEW JERSEY STATE,BEJY,0.070000,0.070000,0,0,0
NJ,07474,NEW JERSEY STATE,BEJY,0.070000,0.070000,0,0,0
NJ,07480,NEW JERSEY STATE,BEJY,0.070000,0.070000,0,0,0
NJ,07481,NEW JERSEY STATE,BEJY,0.070000,0.070000,0,0,0
NJ,07495,NEW JERSEY STATE,BEJY,0.070000,0.070000,0,0,0
NJ,07501,NEW JERSEY STATE,BEJY,0.070000,0.070000,0,0,0
NJ,07502,NEW JERSEY STATE,BEJY,0.070000,0.070000,0,0,0
NJ,07503,NEW JERSEY STATE,BEJY,0.070000,0.070000,0,0,0
NJ,07504,NEW JERSEY STATE,BEJY,0.070000,0.070000,0,0,0
NJ,07505,NEW JERSEY STATE,BEJY,0.070000,0.070000,0,0,0
NJ,07506,NEW JERSEY STATE,BEJY,0.070000,0.070000,0,0,0
NJ,07507,NEW JERSEY STATE,BEJY,0.070000,0.070000,0,0,0
NJ,07508,NEW JERSEY STATE,BEJY,0.070000,0.070000,0,0,0
NJ,07509,NEW JERSEY STATE,BEJY,0.070000,0.070000,0,0,0
NJ,07510,NEW JERSEY STATE,BEJY,0.070000,0.070000,0,0,0
NJ,07511,NEW JERSEY STATE,BEJY,0.070000,0.070000,0,0,0
NJ,07512,NEW JERSEY STATE,BEJY,0.070000,0.070000,0,0,0
NJ,07513,NEW JERSEY STATE,BEJY,0.070000,0.070000,0,0,0
NJ,07514,NEW JERSEY STATE,BEJY,0.070000,0.070000,0,0,0
NJ,07522,NEW JERSEY STATE,BEJY,0.070000,0.070000,0,0,0
NJ,07524,NEW JERSEY STATE,BEJY,0.070000,0.070000,0,0,0
NJ,07538,NEW JERSEY STATE,BEJY,0.070000,0.070000,0,0,0
NJ,07543,NEW JERSEY STATE,BEJY,0.070000,0.070000,0,0,0
NJ,07544,NEW JERSEY STATE,BEJY,0.070000,0.070000,0,0,0
NJ,07601,NEW JERSEY STATE,BEJY,0.070000,0.070000,0,0,0
NJ,07602,NEW JERSEY STATE,BEJY,0.070000,0.070000,0,0,0
NJ,07603,NEW JERSEY STATE,BEJY,0.070000,0.070000,0,0,0
NJ,07604,NEW JERSEY STATE,BEJY,0.070000,0.070000,0,0,0
NJ,07605,NEW JERSEY STATE,BEJY,0.070000,0.070000,0,0,0
NJ,07606,NEW JERSEY STATE,BEJY,0.070000,0.070000,0,0,0
NJ,07607,NEW JERSEY STATE,BEJY,0.070000,0.070000,0,0,0
NJ,07608,NEW JERSEY STATE,BEJY,0.070000,0.070000,0,0,0
NJ,07620,NEW JERSEY STATE,BEJY,0.070000,0.070000,0,0,0
NJ,07621,NEW JERSEY STATE,BEJY,0.070000,0.070000,0,0,0
NJ,07624,NEW JERSEY STATE,BEJY,0.070000,0.070000,0,0,0
NJ,07626,NEW JERSEY STATE,BEJY,0.070000,0.070000,0,0,0
NJ,07627,NEW JERSEY STATE,BEJY,0.070000,0.070000,0,0,0
NJ,07628,NEW JERSEY STATE,BEJY,0.070000,0.070000,0,0,0
NJ,07630,NEW JERSEY STATE,BEJY,0.070000,0.070000,0,0,0
NJ,07631,NEW JERSEY STATE,BEJY,0.070000,0.070000,0,0,0
NJ,07632,NEW JERSEY STATE,BEJY,0.070000,0.070000,0,0,0
NJ,07640,NEW JERSEY STATE,BEJY,0.070000,0.070000,0,0,0
NJ,07641,NEW JERSEY STATE,BEJY,0.070000,0.070000,0,0,0
NJ,07642,NEW JERSEY STATE,BEJY,0.070000,0.070000,0,0,0
NJ,07643,NEW JERSEY STATE,BEJY,0.070000,0.070000,0,0,0
NJ,07644,NEW JERSEY STATE,BEJY,0.070000,0.070000,0,0,0
NJ,07645,NEW JERSEY STATE,BEJY,0.070000,0.070000,0,0,0
NJ,07646,NEW JERSEY STATE,BEJY,0.070000,0.070000,0,0,0
NJ,07647,NEW JERSEY STATE,BEJY,0.070000,0.070000,0,0,0
NJ,07648,NEW JERSEY STATE,BEJY,0.070000,0.070000,0,0,0
NJ,07649,NEW JERSEY STATE,BEJY,0.070000,0.070000,0,0,0
NJ,07650,NEW JERSEY STATE,BEJY,0.070000,0.070000,0,0,0
NJ,07652,NEW JERSEY STATE,BEJY,0.070000,0.070000,0,0,0
NJ,07653,NEW JERSEY STATE,BEJY,0.070000,0.070000,0,0,0
NJ,07656,NEW JERSEY STATE,BEJY,0.070000,0.070000,0,0,0
NJ,07657,NEW JERSEY STATE,BEJY,0.070000,0.070000,0,0,0
NJ,07660,NEW JERSEY STATE,BEJY,0.070000,0.070000,0,0,0
NJ,07661,NEW JERSEY STATE,BEJY,0.070000,0.070000,0,0,0
NJ,07662,NEW JERSEY STATE,BEJY,0.070000,0.070000,0,0,0
NJ,07663,NEW JERSEY STATE,BEJY,0.070000,0.070000,0,0,0
NJ,07666,NEW JERSEY STATE,BEJY,0.070000,0.070000,0,0,0
NJ,07670,NEW JERSEY STATE,BEJY,0.070000,0.070000,0,0,0
NJ,07675,NEW JERSEY STATE,BEJY,0.070000,0.070000,0,0,0
NJ,07676,NEW JERSEY STATE,BEJY,0.070000,0.070000,0,0,0
NJ,07677,NEW JERSEY STATE,BEJY,0.070000,0.070000,0,0,0
NJ,07699,NEW JERSEY STATE,BEJY,0.070000,0.070000,0,0,0
NJ,07701,NEW JERSEY STATE,BEJY,0.070000,0.070000,0,0,0
NJ,07702,NEW JERSEY STATE,BEJY,0.070000,0.070000,0,0,0
NJ,07703,NEW JERSEY STATE,BEJY,0.070000,0.070000,0,0,0
NJ,07704,NEW JERSEY STATE,BEJY,0.070000,0.070000,0,0,0
NJ,07709,NEW JERSEY STATE,BEJY,0.070000,0.070000,0,0,0
NJ,07710,NEW JERSEY STATE,BEJY,0.070000,0.070000,0,0,0
NJ,07711,NEW JERSEY STATE,BEJY,0.070000,0.070000,0,0,0
NJ,07712,NEW JERSEY STATE,BEJY,0.070000,0.070000,0,0,0
NJ,07716,NEW JERSEY STATE,BEJY,0.070000,0.070000,0,0,0
NJ,07717,NEW JERSEY STATE,BEJY,0.070000,0.070000,0,0,0
NJ,07718,NEW JERSEY STATE,BEJY,0.070000,0.070000,0,0,0
NJ,07719,NEW JERSEY STATE,BEJY,0.070000,0.070000,0,0,0
NJ,07720,NEW JERSEY STATE,BEJY,0.070000,0.070000,0,0,0
NJ,07721,NEW JERSEY STATE,BEJY,0.070000,0.070000,0,0,0
NJ,07722,NEW JERSEY STATE,BEJY,0.070000,0.070000,0,0,0
NJ,07723,NEW JERSEY STATE,BEJY,0.070000,0.070000,0,0,0
NJ,07724,NEW JERSEY STATE,BEJY,0.070000,0.070000,0,0,0
NJ,07726,NEW JERSEY STATE,BEJY,0.070000,0.070000,0,0,0
NJ,07727,NEW JERSEY STATE,BEJY,0.070000,0.070000,0,0,0
NJ,07728,NEW JERSEY STATE,BEJY,0.070000,0.070000,0,0,0
NJ,07730,NEW JERSEY STATE,BEJY,0.070000,0.070000,0,0,0
NJ,07731,NEW JERSEY STATE,BEJY,0.070000,0.070000,0,0,0
NJ,07732,NEW JERSEY STATE,BEJY,0.070000,0.070000,0,0,0
NJ,07733,NEW JERSEY STATE,BEJY,0.070000,0.070000,0,0,0
NJ,07734,NEW JERSEY STATE,BEJY,0.070000,0.070000,0,0,0
NJ,07735,NEW JERSEY STATE,BEJY,0.070000,0.070000,0,0,0
NJ,07737,NEW JERSEY STATE,BEJY,0.070000,0.070000,0,0,0
NJ,07738,NEW JERSEY STATE,BEJY,0.070000,0.070000,0,0,0
NJ,07739,NEW JERSEY STATE,BEJY,0.070000,0.070000,0,0,0
NJ,07740,NEW JERSEY STATE,BEJY,0.070000,0.070000,0,0,0
NJ,07746,NEW JERSEY STATE,BEJY,0.070000,0.070000,0,0,0
NJ,07747,NEW JERSEY STATE,BEJY,0.070000,0.070000,0,0,0
NJ,07748,NEW JERSEY STATE,BEJY,0.070000,0.070000,0,0,0
NJ,07750,NEW JERSEY STATE,BEJY,0.070000,0.070000,0,0,0
NJ,07751,NEW JERSEY STATE,BEJY,0.070000,0.070000,0,0,0
NJ,07752,NEW JERSEY STATE,BEJY,0.070000,0.070000,0,0,0
NJ,07753,NEW JERSEY STATE,BEJY,0.070000,0.070000,0,0,0
NJ,07754,NEW JERSEY STATE,BEJY,0.070000,0.070000,0,0,0
NJ,07755,NEW JERSEY STATE,BEJY,0.070000,0.070000,0,0,0
NJ,07756,NEW JERSEY STATE,BEJY,0.070000,0.070000,0,0,0
NJ,07757,NEW JERSEY STATE,BEJY,0.070000,0.070000,0,0,0
NJ,07758,NEW JERSEY STATE,BEJY,0.070000,0.070000,0,0,0
NJ,07760,NEW JERSEY STATE,BEJY,0.070000,0.070000,0,0,0
NJ,07762,NEW JERSEY STATE,BEJY,0.070000,0.070000,0,0,0
NJ,07763,NEW JERSEY STATE,BEJY,0.070000,0.070000,0,0,0
NJ,07764,NEW JERSEY STATE,BEJY,0.070000,0.070000,0,0,0
NJ,07765,NEW JERSEY STATE,BEJY,0.070000,0.070000,0,0,0
NJ,07799,NEW JERSEY STATE,BEJY,0.070000,0.070000,0,0,0
NJ,07801,NEW JERSEY STATE,BEJY,0.070000,0.070000,0,0,0
NJ,07802,NEW JERSEY STATE,BEJY,0.070000,0.070000,0,0,0
NJ,07803,NEW JERSEY STATE,BEJY,0.070000,0.070000,0,0,0
NJ,07806,NEW JERSEY STATE,BEJY,0.070000,0.070000,0,0,0
NJ,07820,NEW JERSEY STATE,BEJY,0.070000,0.070000,0,0,0
NJ,07821,NEW JERSEY STATE,BEJY,0.070000,0.070000,0,0,0
NJ,07822,NEW JERSEY STATE,BEJY,0.070000,0.070000,0,0,0
NJ,07823,NEW JERSEY STATE,BEJY,0.070000,0.070000,0,0,0
NJ,07825,NEW JERSEY STATE,BEJY,0.070000,0.070000,0,0,0
NJ,07826,NEW JERSEY STATE,BEJY,0.070000,0.070000,0,0,0
NJ,07827,NEW JERSEY STATE,BEJY,0.070000,0.070000,0,0,0
NJ,07828,NEW JERSEY STATE,BEJY,0.070000,0.070000,0,0,0
NJ,07829,NEW JERSEY STATE,BEJY,0.070000,0.070000,0,0,0
NJ,07830,NEW JERSEY STATE,BEJY,0.070000,0.070000,0,0,0
NJ,07832,NEW JERSEY STATE,BEJY,0.070000,0.070000,0,0,0
NJ,07833,NEW JERSEY STATE,BEJY,0.070000,0.070000,0,0,0
NJ,07834,NEW JERSEY STATE,BEJY,0.070000,0.070000,0,0,0
NJ,07836,NEW JERSEY STATE,BEJY,0.070000,0.070000,0,0,0
NJ,07837,NEW JERSEY STATE,BEJY,0.070000,0.070000,0,0,0
NJ,07838,NEW JERSEY STATE,BEJY,0.070000,0.070000,0,0,0
NJ,07839,NEW JERSEY STATE,BEJY,0.070000,0.070000,0,0,0
NJ,07840,NEW JERSEY STATE,BEJY,0.070000,0.070000,0,0,0
NJ,07842,NEW JERSEY STATE,BEJY,0.070000,0.070000,0,0,0
NJ,07843,NEW JERSEY STATE,BEJY,0.070000,0.070000,0,0,0
NJ,07844,NEW JERSEY STATE,BEJY,0.070000,0.070000,0,0,0
NJ,07845,NEW JERSEY STATE,BEJY,0.070000,0.070000,0,0,0
NJ,07846,NEW JERSEY STATE,BEJY,0.070000,0.070000,0,0,0
NJ,07847,NEW JERSEY STATE,BEJY,0.070000,0.070000,0,0,0
NJ,07848,NEW JERSEY STATE,BEJY,0.070000,0.070000,0,0,0
NJ,07849,NEW JERSEY STATE,BEJY,0.070000,0.070000,0,0,0
NJ,07850,NEW JERSEY STATE,BEJY,0.070000,0.070000,0,0,0
NJ,07851,NEW JERSEY STATE,BEJY,0.070000,0.070000,0,0,0
NJ,07852,NEW JERSEY STATE,BEJY,0.070000,0.070000,0,0,0
NJ,07853,NEW JERSEY STATE,BEJY,0.070000,0.070000,0,0,0
NJ,07855,NEW JERSEY STATE,BEJY,0.070000,0.070000,0,0,0
NJ,07856,NEW JERSEY STATE,BEJY,0.070000,0.070000,0,0,0
NJ,07857,NEW JERSEY STATE,BEJY,0.070000,0.070000,0,0,0
NJ,07860,NEW JERSEY STATE,BEJY,0.070000,0.070000,0,0,0
NJ,07863,NEW JERSEY STATE,BEJY,0.070000,0.070000,0,0,0
NJ,07865,NEW JERSEY STATE,BEJY,0.070000,0.070000,0,0,0
NJ,07866,NEW JERSEY STATE,BEJY,0.070000,0.070000,0,0,0
NJ,07869,NEW JERSEY STATE,BEJY,0.070000,0.070000,0,0,0
NJ,07870,NEW JERSEY STATE,BEJY,0.070000,0.070000,0,0,0
NJ,07871,NEW JERSEY STATE,BEJY,0.070000,0.070000,0,0,0
NJ,07874,NEW JERSEY STATE,BEJY,0.070000,0.070000,0,0,0
NJ,07875,NEW JERSEY STATE,BEJY,0.070000,0.070000,0,0,0
NJ,07876,NEW JERSEY STATE,BEJY,0.070000,0.070000,0,0,0
NJ,07877,NEW JERSEY STATE,BEJY,0.070000,0.070000,0,0,0
NJ,07878,NEW JERSEY STATE,BEJY,0.070000,0.070000,0,0,0
NJ,07879,NEW JERSEY STATE,BEJY,0.070000,0.070000,0,0,0
NJ,07880,NEW JERSEY STATE,BEJY,0.070000,0.070000,0,0,0
NJ,07881,NEW JERSEY STATE,BEJY,0.070000,0.070000,0,0,0
NJ,07882,NEW JERSEY STATE,BEJY,0.070000,0.070000,0,0,0
NJ,07885,NEW JERSEY STATE,BEJY,0.070000,0.070000,0,0,0
NJ,07890,NEW JERSEY STATE,BEJY,0.070000,0.070000,0,0,0
NJ,07901,NEW JERSEY STATE,BEJY,0.070000,0.070000,0,0,0
NJ,07902,NEW JERSEY STATE,BEJY,0.070000,0.070000,0,0,0
NJ,07920,NEW JERSEY STATE,BEJY,0.070000,0.070000,0,0,0
NJ,07921,NEW JERSEY STATE,BEJY,0.070000,0.070000,0,0,0
NJ,07922,NEW JERSEY STATE,BEJY,0.070000,0.070000,0,0,0
NJ,07924,NEW JERSEY STATE,BEJY,0.070000,0.070000,0,0,0
NJ,07926,NEW JERSEY STATE,BEJY,0.070000,0.070000,0,0,0
NJ,07927,NEW JERSEY STATE,BEJY,0.070000,0.070000,0,0,0
NJ,07928,NEW JERSEY STATE,BEJY,0.070000,0.070000,0,0,0
NJ,07930,NEW JERSEY STATE,BEJY,0.070000,0.070000,0,0,0
NJ,07931,NEW JERSEY STATE,BEJY,0.070000,0.070000,0,0,0
NJ,07932,NEW JERSEY STATE,BEJY,0.070000,0.070000,0,0,0
NJ,07933,NEW JERSEY STATE,BEJY,0.070000,0.070000,0,0,0
NJ,07934,NEW JERSEY STATE,BEJY,0.070000,0.070000,0,0,0
NJ,07935,NEW JERSEY STATE,BEJY,0.070000,0.070000,0,0,0
NJ,07936,NEW JERSEY STATE,BEJY,0.070000,0.070000,0,0,0
NJ,07938,NEW JERSEY STATE,BEJY,0.070000,0.070000,0,0,0
NJ,07939,NEW JERSEY STATE,BEJY,0.070000,0.070000,0,0,0
NJ,07940,NEW JERSEY STATE,BEJY,0.070000,0.070000,0,0,0
NJ,07945,NEW JERSEY STATE,BEJY,0.070000,0.070000,0,0,0
NJ,07946,NEW JERSEY STATE,BEJY,0.070000,0.070000,0,0,0
NJ,07950,NEW JERSEY STATE,BEJY,0.070000,0.070000,0,0,0
NJ,07960,NEW JERSEY STATE,BEJY,0.070000,0.070000,0,0,0
NJ,07961,NEW JERSEY STATE,BEJY,0.070000,0.070000,0,0,0
NJ,07962,NEW JERSEY STATE,BEJY,0.070000,0.070000,0,0,0
NJ,07963,NEW JERSEY STATE,BEJY,0.070000,0.070000,0,0,0
NJ,07970,NEW JERSEY STATE,BEJY,0.070000,0.070000,0,0,0
NJ,07974,NEW JERSEY STATE,BEJY,0.070000,0.070000,0,0,0
NJ,07976,NEW JERSEY STATE,BEJY,0.070000,0.070000,0,0,0
NJ,07977,NEW JERSEY STATE,BEJY,0.070000,0.070000,0,0,0
NJ,07979,NEW JERSEY STATE,BEJY,0.070000,0.070000,0,0,0
NJ,07980,NEW JERSEY STATE,BEJY,0.070000,0.070000,0,0,0
NJ,07981,NEW JERSEY STATE,BEJY,0.070000,0.070000,0,0,0
NJ,08001,NEW JERSEY STATE,BEJY,0.070000,0.070000,0,0,0
NJ,08002,NEW JERSEY STATE,BEJY,0.070000,0.070000,0,0,0
NJ,08003,NEW JERSEY STATE,BEJY,0.070000,0.070000,0,0,0
NJ,08004,NEW JERSEY STATE,BEJY,0.070000,0.070000,0,0,0
NJ,08005,NEW JERSEY STATE,BEJY,0.070000,0.070000,0,0,0
NJ,08006,NEW JERSEY STATE,BEJY,0.070000,0.070000,0,0,0
NJ,08007,NEW JERSEY STATE,BEJY,0.070000,0.070000,0,0,0
NJ,08008,NEW JERSEY STATE,BEJY,0.070000,0.070000,0,0,0
NJ,08009,NEW JERSEY STATE,BEJY,0.070000,0.070000,0,0,0
NJ,08010,NEW JERSEY STATE,BEJY,0.070000,0.070000,0,0,0
NJ,08011,NEW JERSEY STATE,BEJY,0.070000,0.070000,0,0,0
NJ,08012,NEW JERSEY STATE,BEJY,0.070000,0.070000,0,0,0
NJ,08014,NEW JERSEY STATE,BEJY,0.070000,0.070000,0,0,0
NJ,08015,NEW JERSEY STATE,BEJY,0.070000,0.070000,0,0,0
NJ,08016,NEW JERSEY STATE,BEJY,0.070000,0.070000,0,0,0
NJ,08018,NEW JERSEY STATE,BEJY,0.070000,0.070000,0,0,0
NJ,08019,NEW JERSEY STATE,BEJY,0.070000,0.070000,0,0,0
NJ,08020,NEW JERSEY STATE,BEJY,0.070000,0.070000,0,0,0
NJ,08021,NEW JERSEY STATE,BEJY,0.070000,0.070000,0,0,0
NJ,08022,NEW JERSEY STATE,BEJY,0.070000,0.070000,0,0,0
NJ,08023,NEW JERSEY STATE,BEJY,0.070000,0.070000,0,0,0
NJ,08025,NEW JERSEY STATE,BEJY,0.070000,0.070000,0,0,0
NJ,08026,NEW JERSEY STATE,BEJY,0.070000,0.070000,0,0,0
NJ,08027,NEW JERSEY STATE,BEJY,0.070000,0.070000,0,0,0
NJ,08028,NEW JERSEY STATE,BEJY,0.070000,0.070000,0,0,0
NJ,08029,NEW JERSEY STATE,BEJY,0.070000,0.070000,0,0,0
NJ,08030,NEW JERSEY STATE,BEJY,0.070000,0.070000,0,0,0
NJ,08031,NEW JERSEY STATE,BEJY,0.070000,0.070000,0,0,0
NJ,08032,NEW JERSEY STATE,BEJY,0.070000,0.070000,0,0,0
NJ,08033,NEW JERSEY STATE,BEJY,0.070000,0.070000,0,0,0
NJ,08034,NEW JERSEY STATE,BEJY,0.070000,0.070000,0,0,0
NJ,08035,NEW JERSEY STATE,BEJY,0.070000,0.070000,0,0,0
NJ,08036,NEW JERSEY STATE,BEJY,0.070000,0.070000,0,0,0
NJ,08037,NEW JERSEY STATE,BEJY,0.070000,0.070000,0,0,0
NJ,08038,NEW JERSEY STATE,BEJY,0.070000,0.070000,0,0,0
NJ,08039,NEW JERSEY STATE,BEJY,0.070000,0.070000,0,0,0
NJ,08041,NEW JERSEY STATE,BEJY,0.070000,0.070000,0,0,0
NJ,08042,NEW JERSEY STATE,BEJY,0.070000,0.070000,0,0,0
NJ,08043,NEW JERSEY STATE,BEJY,0.070000,0.070000,0,0,0
NJ,08045,NEW JERSEY STATE,BEJY,0.070000,0.070000,0,0,0
NJ,08046,NEW JERSEY STATE,BEJY,0.070000,0.070000,0,0,0
NJ,08048,NEW JERSEY STATE,BEJY,0.070000,0.070000,0,0,0
NJ,08049,NEW JERSEY STATE,BEJY,0.070000,0.070000,0,0,0
NJ,08050,NEW JERSEY STATE,BEJY,0.070000,0.070000,0,0,0
NJ,08051,NEW JERSEY STATE,BEJY,0.070000,0.070000,0,0,0
NJ,08052,NEW JERSEY STATE,BEJY,0.070000,0.070000,0,0,0
NJ,08053,NEW JERSEY STATE,BEJY,0.070000,0.070000,0,0,0
NJ,08054,NEW JERSEY STATE,BEJY,0.070000,0.070000,0,0,0
NJ,08055,NEW JERSEY STATE,BEJY,0.070000,0.070000,0,0,0
NJ,08056,NEW JERSEY STATE,BEJY,0.070000,0.070000,0,0,0
NJ,08057,NEW JERSEY STATE,BEJY,0.070000,0.070000,0,0,0
NJ,08059,NEW JERSEY STATE,BEJY,0.070000,0.070000,0,0,0
NJ,08060,NEW JERSEY STATE,BEJY,0.070000,0.070000,0,0,0
NJ,08061,NEW JERSEY STATE,BEJY,0.070000,0.070000,0,0,0
NJ,08062,NEW JERSEY STATE,BEJY,0.070000,0.070000,0,0,0
NJ,08063,NEW JERSEY STATE,BEJY,0.070000,0.070000,0,0,0
NJ,08064,NEW JERSEY STATE,BEJY,0.070000,0.070000,0,0,0
NJ,08065,NEW JERSEY STATE,BEJY,0.070000,0.070000,0,0,0
NJ,08066,NEW JERSEY STATE,BEJY,0.070000,0.070000,0,0,0
NJ,08067,NEW JERSEY STATE,BEJY,0.070000,0.070000,0,0,0
NJ,08068,NEW JERSEY STATE,BEJY,0.070000,0.070000,0,0,0
NJ,08069,NEW JERSEY STATE,BEJY,0.070000,0.070000,0,0,0
NJ,08070,NEW JERSEY STATE,BEJY,0.070000,0.070000,0,0,0
NJ,08071,NEW JERSEY STATE,BEJY,0.070000,0.070000,0,0,0
NJ,08072,NEW JERSEY STATE,BEJY,0.070000,0.070000,0,0,0
NJ,08073,NEW JERSEY STATE,BEJY,0.070000,0.070000,0,0,0
NJ,08074,NEW JERSEY STATE,BEJY,0.070000,0.070000,0,0,0
NJ,08075,NEW JERSEY STATE,BEJY,0.070000,0.070000,0,0,0
NJ,08076,NEW JERSEY STATE,BEJY,0.070000,0.070000,0,0,0
NJ,08077,NEW JERSEY STATE,BEJY,0.070000,0.070000,0,0,0
NJ,08078,NEW JERSEY STATE,BEJY,0.070000,0.070000,0,0,0
NJ,08079,NEW JERSEY STATE,BEJY,0.070000,0.070000,0,0,0
NJ,08080,NEW JERSEY STATE,BEJY,0.070000,0.070000,0,0,0
NJ,08081,NEW JERSEY STATE,BEJY,0.070000,0.070000,0,0,0
NJ,08083,NEW JERSEY STATE,BEJY,0.070000,0.070000,0,0,0
NJ,08084,NEW JERSEY STATE,BEJY,0.070000,0.070000,0,0,0
NJ,08085,NEW JERSEY STATE,BEJY,0.070000,0.070000,0,0,0
NJ,08086,NEW JERSEY STATE,BEJY,0.070000,0.070000,0,0,0
NJ,08087,NEW JERSEY STATE,BEJY,0.070000,0.070000,0,0,0
NJ,08088,NEW JERSEY STATE,BEJY,0.070000,0.070000,0,0,0
NJ,08089,NEW JERSEY STATE,BEJY,0.070000,0.070000,0,0,0
NJ,08090,NEW JERSEY STATE,BEJY,0.070000,0.070000,0,0,0
NJ,08091,NEW JERSEY STATE,BEJY,0.070000,0.070000,0,0,0
NJ,08092,NEW JERSEY STATE,BEJY,0.070000,0.070000,0,0,0
NJ,08093,NEW JERSEY STATE,BEJY,0.070000,0.070000,0,0,0
NJ,08094,NEW JERSEY STATE,BEJY,0.070000,0.070000,0,0,0
NJ,08095,NEW JERSEY STATE,BEJY,0.070000,0.070000,0,0,0
NJ,08096,NEW JERSEY STATE,BEJY,0.070000,0.070000,0,0,0
NJ,08097,NEW JERSEY STATE,BEJY,0.070000,0.070000,0,0,0
NJ,08098,NEW JERSEY STATE,BEJY,0.070000,0.070000,0,0,0
NJ,08099,NEW JERSEY STATE,BEJY,0.070000,0.070000,0,0,0
NJ,08101,NEW JERSEY STATE,BEJY,0.070000,0.070000,0,0,0
NJ,08102,NEW JERSEY STATE,BEJY,0.070000,0.070000,0,0,0
NJ,08103,NEW JERSEY STATE,BEJY,0.070000,0.070000,0,0,0
NJ,08104,NEW JERSEY STATE,BEJY,0.070000,0.070000,0,0,0
NJ,08105,NEW JERSEY STATE,BEJY,0.070000,0.070000,0,0,0
NJ,08106,NEW JERSEY STATE,BEJY,0.070000,0.070000,0,0,0
NJ,08107,NEW JERSEY STATE,BEJY,0.070000,0.070000,0,0,0
NJ,08108,NEW JERSEY STATE,BEJY,0.070000,0.070000,0,0,0
NJ,08109,NEW JERSEY STATE,BEJY,0.070000,0.070000,0,0,0
NJ,08110,NEW JERSEY STATE,BEJY,0.070000,0.070000,0,0,0
NJ,08201,NEW JERSEY STATE,BEJY,0.070000,0.070000,0,0,0
NJ,08202,NEW JERSEY STATE,BEJY,0.070000,0.070000,0,0,0
NJ,08203,NEW JERSEY STATE,BEJY,0.070000,0.070000,0,0,0
NJ,08204,NEW JERSEY STATE,BEJY,0.070000,0.070000,0,0,0
NJ,08205,NEW JERSEY STATE,BEJY,0.070000,0.070000,0,0,0
NJ,08210,NEW JERSEY STATE,BEJY,0.070000,0.070000,0,0,0
NJ,08212,NEW JERSEY STATE,BEJY,0.070000,0.070000,0,0,0
NJ,08213,NEW JERSEY STATE,BEJY,0.070000,0.070000,0,0,0
NJ,08214,NEW JERSEY STATE,BEJY,0.070000,0.070000,0,0,0
NJ,08215,NEW JERSEY STATE,BEJY,0.070000,0.070000,0,0,0
NJ,08217,NEW JERSEY STATE,BEJY,0.070000,0.070000,0,0,0
NJ,08218,NEW JERSEY STATE,BEJY,0.070000,0.070000,0,0,0
NJ,08219,NEW JERSEY STATE,BEJY,0.070000,0.070000,0,0,0
NJ,08220,NEW JERSEY STATE,BEJY,0.070000,0.070000,0,0,0
NJ,08221,NEW JERSEY STATE,BEJY,0.070000,0.070000,0,0,0
NJ,08223,NEW JERSEY STATE,BEJY,0.070000,0.070000,0,0,0
NJ,08224,NEW JERSEY STATE,BEJY,0.070000,0.070000,0,0,0
NJ,08225,NEW JERSEY STATE,BEJY,0.070000,0.070000,0,0,0
NJ,08226,NEW JERSEY STATE,BEJY,0.070000,0.070000,0,0,0
NJ,08230,NEW JERSEY STATE,BEJY,0.070000,0.070000,0,0,0
NJ,08231,NEW JERSEY STATE,BEJY,0.070000,0.070000,0,0,0
NJ,08232,NEW JERSEY STATE,BEJY,0.070000,0.070000,0,0,0
NJ,08234,NEW JERSEY STATE,BEJY,0.070000,0.070000,0,0,0
NJ,08240,NEW JERSEY STATE,BEJY,0.070000,0.070000,0,0,0
NJ,08241,NEW JERSEY STATE,BEJY,0.070000,0.070000,0,0,0
NJ,08242,NEW JERSEY STATE,BEJY,0.070000,0.070000,0,0,0
NJ,08243,NEW JERSEY STATE,BEJY,0.070000,0.070000,0,0,0
NJ,08244,NEW JERSEY STATE,BEJY,0.070000,0.070000,0,0,0
NJ,08245,NEW JERSEY STATE,BEJY,0.070000,0.070000,0,0,0
NJ,08246,NEW JERSEY STATE,BEJY,0.070000,0.070000,0,0,0
NJ,08247,NEW JERSEY STATE,BEJY,0.070000,0.070000,0,0,0
NJ,08248,NEW JERSEY STATE,BEJY,0.070000,0.070000,0,0,0
NJ,08250,NEW JERSEY STATE,BEJY,0.070000,0.070000,0,0,0
NJ,08251,NEW JERSEY STATE,BEJY,0.070000,0.070000,0,0,0
NJ,08252,NEW JERSEY STATE,BEJY,0.070000,0.070000,0,0,0
NJ,08260,NEW JERSEY STATE,BEJY,0.070000,0.070000,0,0,0
NJ,08270,NEW JERSEY STATE,BEJY,0.070000,0.070000,0,0,0
NJ,08302,NEW JERSEY STATE,BEJY,0.070000,0.070000,0,0,0
NJ,08310,NEW JERSEY STATE,BEJY,0.070000,0.070000,0,0,0
NJ,08311,NEW JERSEY STATE,BEJY,0.070000,0.070000,0,0,0
NJ,08312,NEW JERSEY STATE,BEJY,0.070000,0.070000,0,0,0
NJ,08313,NEW JERSEY STATE,BEJY,0.070000,0.070000,0,0,0
NJ,08314,NEW JERSEY STATE,BEJY,0.070000,0.070000,0,0,0
NJ,08315,NEW JERSEY STATE,BEJY,0.070000,0.070000,0,0,0
NJ,08316,NEW JERSEY STATE,BEJY,0.070000,0.070000,0,0,0
NJ,08317,NEW JERSEY STATE,BEJY,0.070000,0.070000,0,0,0
NJ,08318,NEW JERSEY STATE,BEJY,0.070000,0.070000,0,0,0
NJ,08319,NEW JERSEY STATE,BEJY,0.070000,0.070000,0,0,0
NJ,08320,NEW JERSEY STATE,BEJY,0.070000,0.070000,0,0,0
NJ,08321,NEW JERSEY STATE,BEJY,0.070000,0.070000,0,0,0
NJ,08322,NEW JERSEY STATE,BEJY,0.070000,0.070000,0,0,0
NJ,08323,NEW JERSEY STATE,BEJY,0.070000,0.070000,0,0,0
NJ,08324,NEW JERSEY STATE,BEJY,0.070000,0.070000,0,0,0
NJ,08326,NEW JERSEY STATE,BEJY,0.070000,0.070000,0,0,0
NJ,08327,NEW JERSEY STATE,BEJY,0.070000,0.070000,0,0,0
NJ,08328,NEW JERSEY STATE,BEJY,0.070000,0.070000,0,0,0
NJ,08329,NEW JERSEY STATE,BEJY,0.070000,0.070000,0,0,0
NJ,08330,NEW JERSEY STATE,BEJY,0.070000,0.070000,0,0,0
NJ,08332,NEW JERSEY STATE,BEJY,0.070000,0.070000,0,0,0
NJ,08340,NEW JERSEY STATE,BEJY,0.070000,0.070000,0,0,0
NJ,08341,NEW JERSEY STATE,BEJY,0.070000,0.070000,0,0,0
NJ,08342,NEW JERSEY STATE,BEJY,0.070000,0.070000,0,0,0
NJ,08343,NEW JERSEY STATE,BEJY,0.070000,0.070000,0,0,0
NJ,08344,NEW JERSEY STATE,BEJY,0.070000,0.070000,0,0,0
NJ,08345,NEW JERSEY STATE,BEJY,0.070000,0.070000,0,0,0
NJ,08346,NEW JERSEY STATE,BEJY,0.070000,0.070000,0,0,0
NJ,08347,NEW JERSEY STATE,BEJY,0.070000,0.070000,0,0,0
NJ,08348,NEW JERSEY STATE,BEJY,0.070000,0.070000,0,0,0
NJ,08349,NEW JERSEY STATE,BEJY,0.070000,0.070000,0,0,0
NJ,08350,NEW JERSEY STATE,BEJY,0.070000,0.070000,0,0,0
NJ,08352,NEW JERSEY STATE,BEJY,0.070000,0.070000,0,0,0
NJ,08353,NEW JERSEY STATE,BEJY,0.070000,0.070000,0,0,0
NJ,08360,NEW JERSEY STATE,BEJY,0.070000,0.070000,0,0,0
NJ,08361,NEW JERSEY STATE,BEJY,0.070000,0.070000,0,0,0
NJ,08362,NEW JERSEY STATE,BEJY,0.070000,0.070000,0,0,0
NJ,08401,NEW JERSEY STATE,BEJY,0.070000,0.070000,0,0,0
NJ,08402,NEW JERSEY STATE,BEJY,0.070000,0.070000,0,0,0
NJ,08403,NEW JERSEY STATE,BEJY,0.070000,0.070000,0,0,0
NJ,08404,NEW JERSEY STATE,BEJY,0.070000,0.070000,0,0,0
NJ,08405,NEW JERSEY STATE,BEJY,0.070000,0.070000,0,0,0
NJ,08406,NEW JERSEY STATE,BEJY,0.070000,0.070000,0,0,0
NJ,08501,NEW JERSEY STATE,BEJY,0.070000,0.070000,0,0,0
NJ,08502,NEW JERSEY STATE,BEJY,0.070000,0.070000,0,0,0
NJ,08504,NEW JERSEY STATE,BEJY,0.070000,0.070000,0,0,0
NJ,08505,NEW JERSEY STATE,BEJY,0.070000,0.070000,0,0,0
NJ,08510,NEW JERSEY STATE,BEJY,0.070000,0.070000,0,0,0
NJ,08511,NEW JERSEY STATE,BEJY,0.070000,0.070000,0,0,0
NJ,08512,NEW JERSEY STATE,BEJY,0.070000,0.070000,0,0,0
NJ,08514,NEW JERSEY STATE,BEJY,0.070000,0.070000,0,0,0
NJ,08515,NEW JERSEY STATE,BEJY,0.070000,0.070000,0,0,0
NJ,08518,NEW JERSEY STATE,BEJY,0.070000,0.070000,0,0,0
NJ,08520,NEW JERSEY STATE,BEJY,0.070000,0.070000,0,0,0
NJ,08525,NEW JERSEY STATE,BEJY,0.070000,0.070000,0,0,0
NJ,08527,NEW JERSEY STATE,BEJY,0.070000,0.070000,0,0,0
NJ,08528,NEW JERSEY STATE,BEJY,0.070000,0.070000,0,0,0
NJ,08530,NEW JERSEY STATE,BEJY,0.070000,0.070000,0,0,0
NJ,08533,NEW JERSEY STATE,BEJY,0.070000,0.070000,0,0,0
NJ,08534,NEW JERSEY STATE,BEJY,0.070000,0.070000,0,0,0
NJ,08535,NEW JERSEY STATE,BEJY,0.070000,0.070000,0,0,0
NJ,08536,NEW JERSEY STATE,BEJY,0.070000,0.070000,0,0,0
NJ,08540,NEW JERSEY STATE,BEJY,0.070000,0.070000,0,0,0
NJ,08542,NEW JERSEY STATE,BEJY,0.070000,0.070000,0,0,0
NJ,08543,NEW JERSEY STATE,BEJY,0.070000,0.070000,0,0,0
NJ,08544,NEW JERSEY STATE,BEJY,0.070000,0.070000,0,0,0
NJ,08550,NEW JERSEY STATE,BEJY,0.070000,0.070000,0,0,0
NJ,08551,NEW JERSEY STATE,BEJY,0.070000,0.070000,0,0,0
NJ,08553,NEW JERSEY STATE,BEJY,0.070000,0.070000,0,0,0
NJ,08554,NEW JERSEY STATE,BEJY,0.070000,0.070000,0,0,0
NJ,08555,NEW JERSEY STATE,BEJY,0.070000,0.070000,0,0,0
NJ,08556,NEW JERSEY STATE,BEJY,0.070000,0.070000,0,0,0
NJ,08557,NEW JERSEY STATE,BEJY,0.070000,0.070000,0,0,0
NJ,08558,NEW JERSEY STATE,BEJY,0.070000,0.070000,0,0,0
NJ,08559,NEW JERSEY STATE,BEJY,0.070000,0.070000,0,0,0
NJ,08560,NEW JERSEY STATE,BEJY,0.070000,0.070000,0,0,0
NJ,08561,NEW JERSEY STATE,BEJY,0.070000,0.070000,0,0,0
NJ,08562,NEW JERSEY STATE,BEJY,0.070000,0.070000,0,0,0
NJ,08601,NEW JERSEY STATE,BEJY,0.070000,0.070000,0,0,0
NJ,08602,NEW JERSEY STATE,BEJY,0.070000,0.070000,0,0,0
NJ,08603,NEW JERSEY STATE,BEJY,0.070000,0.070000,0,0,0
NJ,08604,NEW JERSEY STATE,BEJY,0.070000,0.070000,0,0,0
NJ,08605,NEW JERSEY STATE,BEJY,0.070000,0.070000,0,0,0
NJ,08606,NEW JERSEY STATE,BEJY,0.070000,0.070000,0,0,0
NJ,08607,NEW JERSEY STATE,BEJY,0.070000,0.070000,0,0,0
NJ,08608,NEW JERSEY STATE,BEJY,0.070000,0.070000,0,0,0
NJ,08609,NEW JERSEY STATE,BEJY,0.070000,0.070000,0,0,0
NJ,08610,NEW JERSEY STATE,BEJY,0.070000,0.070000,0,0,0
NJ,08611,NEW JERSEY STATE,BEJY,0.070000,0.070000,0,0,0
NJ,08618,NEW JERSEY STATE,BEJY,0.070000,0.070000,0,0,0
NJ,08619,NEW JERSEY STATE,BEJY,0.070000,0.070000,0,0,0
NJ,08620,NEW JERSEY STATE,BEJY,0.070000,0.070000,0,0,0
NJ,08628,NEW JERSEY STATE,BEJY,0.070000,0.070000,0,0,0
NJ,08629,NEW JERSEY STATE,BEJY,0.070000,0.070000,0,0,0
NJ,08638,NEW JERSEY STATE,BEJY,0.070000,0.070000,0,0,0
NJ,08640,NEW JERSEY STATE,BEJY,0.070000,0.070000,0,0,0
NJ,08641,NEW JERSEY STATE,BEJY,0.070000,0.070000,0,0,0
NJ,08644,NEW JERSEY STATE,BEJY,0.070000,0.070000,0,0,0
NJ,08648,NEW JERSEY STATE,BEJY,0.070000,0.070000,0,0,0
NJ,08650,NEW JERSEY STATE,BEJY,0.070000,0.070000,0,0,0
NJ,08690,NEW JERSEY STATE,BEJY,0.070000,0.070000,0,0,0
NJ,08691,NEW JERSEY STATE,BEJY,0.070000,0.070000,0,0,0
NJ,08701,NEW JERSEY STATE,BEJY,0.070000,0.070000,0,0,0
NJ,08720,NEW JERSEY STATE,BEJY,0.070000,0.070000,0,0,0
NJ,08721,NEW JERSEY STATE,BEJY,0.070000,0.070000,0,0,0
NJ,08722,NEW JERSEY STATE,BEJY,0.070000,0.070000,0,0,0
NJ,08723,NEW JERSEY STATE,BEJY,0.070000,0.070000,0,0,0
NJ,08724,NEW JERSEY STATE,BEJY,0.070000,0.070000,0,0,0
NJ,08730,NEW JERSEY STATE,BEJY,0.070000,0.070000,0,0,0
NJ,08731,NEW JERSEY STATE,BEJY,0.070000,0.070000,0,0,0
NJ,08732,NEW JERSEY STATE,BEJY,0.070000,0.070000,0,0,0
NJ,08733,NEW JERSEY STATE,BEJY,0.070000,0.070000,0,0,0
NJ,08734,NEW JERSEY STATE,BEJY,0.070000,0.070000,0,0,0
NJ,08735,NEW JERSEY STATE,BEJY,0.070000,0.070000,0,0,0
NJ,08736,NEW JERSEY STATE,BEJY,0.070000,0.070000,0,0,0
NJ,08738,NEW JERSEY STATE,BEJY,0.070000,0.070000,0,0,0
NJ,08739,NEW JERSEY STATE,BEJY,0.070000,0.070000,0,0,0
NJ,08740,NEW JERSEY STATE,BEJY,0.070000,0.070000,0,0,0
NJ,08741,NEW JERSEY STATE,BEJY,0.070000,0.070000,0,0,0
NJ,08742,NEW JERSEY STATE,BEJY,0.070000,0.070000,0,0,0
NJ,08750,NEW JERSEY STATE,BEJY,0.070000,0.070000,0,0,0
NJ,08751,NEW JERSEY STATE,BEJY,0.070000,0.070000,0,0,0
NJ,08752,NEW JERSEY STATE,BEJY,0.070000,0.070000,0,0,0
NJ,08753,NEW JERSEY STATE,BEJY,0.070000,0.070000,0,0,0
NJ,08754,NEW JERSEY STATE,BEJY,0.070000,0.070000,0,0,0
NJ,08755,NEW JERSEY STATE,BEJY,0.070000,0.070000,0,0,0
NJ,08757,NEW JERSEY STATE,BEJY,0.070000,0.070000,0,0,0
NJ,08758,NEW JERSEY STATE,BEJY,0.070000,0.070000,0,0,0
NJ,08759,NEW JERSEY STATE,BEJY,0.070000,0.070000,0,0,0
NJ,08801,NEW JERSEY STATE,BEJY,0.070000,0.070000,0,0,0
NJ,08802,NEW JERSEY STATE,BEJY,0.070000,0.070000,0,0,0
NJ,08803,NEW JERSEY STATE,BEJY,0.070000,0.070000,0,0,0
NJ,08804,NEW JERSEY STATE,BEJY,0.070000,0.070000,0,0,0
NJ,08805,NEW JERSEY STATE,BEJY,0.070000,0.070000,0,0,0
NJ,08807,NEW JERSEY STATE,BEJY,0.070000,0.070000,0,0,0
NJ,08809,NEW JERSEY STATE,BEJY,0.070000,0.070000,0,0,0
NJ,08810,NEW JERSEY STATE,BEJY,0.070000,0.070000,0,0,0
NJ,08812,NEW JERSEY STATE,BEJY,0.070000,0.070000,0,0,0
NJ,08816,NEW JERSEY STATE,BEJY,0.070000,0.070000,0,0,0
NJ,08817,NEW JERSEY STATE,BEJY,0.070000,0.070000,0,0,0
NJ,08818,NEW JERSEY STATE,BEJY,0.070000,0.070000,0,0,0
NJ,08820,NEW JERSEY STATE,BEJY,0.070000,0.070000,0,0,0
NJ,08821,NEW JERSEY STATE,BEJY,0.070000,0.070000,0,0,0
NJ,08822,NEW JERSEY STATE,BEJY,0.070000,0.070000,0,0,0
NJ,08823,NEW JERSEY STATE,BEJY,0.070000,0.070000,0,0,0
NJ,08824,NEW JERSEY STATE,BEJY,0.070000,0.070000,0,0,0
NJ,08825,NEW JERSEY STATE,BEJY,0.070000,0.070000,0,0,0
NJ,08826,NEW JERSEY STATE,BEJY,0.070000,0.070000,0,0,0
NJ,08827,NEW JERSEY STATE,BEJY,0.070000,0.070000,0,0,0
NJ,08828,NEW JERSEY STATE,BEJY,0.070000,0.070000,0,0,0
NJ,08829,NEW JERSEY STATE,BEJY,0.070000,0.070000,0,0,0
NJ,08830,NEW JERSEY STATE,BEJY,0.070000,0.070000,0,0,0
NJ,08831,NEW JERSEY STATE,BEJY,0.070000,0.070000,0,0,0
NJ,08832,NEW JERSEY STATE,BEJY,0.070000,0.070000,0,0,0
NJ,08833,NEW JERSEY STATE,BEJY,0.070000,0.070000,0,0,0
NJ,08835,NEW JERSEY STATE,BEJY,0.070000,0.070000,0,0,0
NJ,08836,NEW JERSEY STATE,BEJY,0.070000,0.070000,0,0,0
NJ,08837,NEW JERSEY STATE,BEJY,0.070000,0.070000,0,0,0
NJ,08840,NEW JERSEY STATE,BEJY,0.070000,0.070000,0,0,0
NJ,08844,NEW JERSEY STATE,BEJY,0.070000,0.070000,0,0,0
NJ,08846,NEW JERSEY STATE,BEJY,0.070000,0.070000,0,0,0
NJ,08848,NEW JERSEY STATE,BEJY,0.070000,0.070000,0,0,0
NJ,08850,NEW JERSEY STATE,BEJY,0.070000,0.070000,0,0,0
NJ,08852,NEW JERSEY STATE,BEJY,0.070000,0.070000,0,0,0
NJ,08853,NEW JERSEY STATE,BEJY,0.070000,0.070000,0,0,0
NJ,08854,NEW JERSEY STATE,BEJY,0.070000,0.070000,0,0,0
NJ,08855,NEW JERSEY STATE,BEJY,0.070000,0.070000,0,0,0
NJ,08857,NEW JERSEY STATE,BEJY,0.070000,0.070000,0,0,0
NJ,08858,NEW JERSEY STATE,BEJY,0.070000,0.070000,0,0,0
NJ,08859,NEW JERSEY STATE,BEJY,0.070000,0.070000,0,0,0
NJ,08861,NEW JERSEY STATE,BEJY,0.070000,0.070000,0,0,0
NJ,08862,NEW JERSEY STATE,BEJY,0.070000,0.070000,0,0,0
NJ,08863,NEW JERSEY STATE,BEJY,0.070000,0.070000,0,0,0
NJ,08865,NEW JERSEY STATE,BEJY,0.070000,0.070000,0,0,0
NJ,08867,NEW JERSEY STATE,BEJY,0.070000,0.070000,0,0,0
NJ,08868,NEW JERSEY STATE,BEJY,0.070000,0.070000,0,0,0
NJ,08869,NEW JERSEY STATE,BEJY,0.070000,0.070000,0,0,0
NJ,08870,NEW JERSEY STATE,BEJY,0.070000,0.070000,0,0,0
NJ,08872,NEW JERSEY STATE,BEJY,0.070000,0.070000,0,0,0
NJ,08873,NEW JERSEY STATE,BEJY,0.070000,0.070000,0,0,0
NJ,08875,NEW JERSEY STATE,BEJY,0.070000,0.070000,0,0,0
NJ,08876,NEW JERSEY STATE,BEJY,0.070000,0.070000,0,0,0
NJ,08879,NEW JERSEY STATE,BEJY,0.070000,0.070000,0,0,0
NJ,08880,NEW JERSEY STATE,BEJY,0.070000,0.070000,0,0,0
NJ,08882,NEW JERSEY STATE,BEJY,0.070000,0.070000,0,0,0
NJ,08884,NEW JERSEY STATE,BEJY,0.070000,0.070000,0,0,0
NJ,08885,NEW JERSEY STATE,BEJY,0.070000,0.070000,0,0,0
NJ,08886,NEW JERSEY STATE,BEJY,0.070000,0.070000,0,0,0
NJ,08887,NEW JERSEY STATE,BEJY,0.070000,0.070000,0,0,0
NJ,08888,NEW JERSEY STATE,BEJY,0.070000,0.070000,0,0,0
NJ,08889,NEW JERSEY STATE,BEJY,0.070000,0.070000,0,0,0
NJ,08899,NEW JERSEY STATE,BEJY,0.070000,0.070000,0,0,0
NJ,08901,NEW JERSEY STATE,BEJY,0.070000,0.070000,0,0,0
NJ,08902,NEW JERSEY STATE,BEJY,0.070000,0.070000,0,0,0
NJ,08903,NEW JERSEY STATE,BEJY,0.070000,0.070000,0,0,0
NJ,08904,NEW JERSEY STATE,BEJY,0.070000,0.070000,0,0,0
NJ,08906,NEW JERSEY STATE,BEJY,0.070000,0.070000,0,0,0
NJ,08933,NEW JERSEY STATE,BEJY,0.070000,0.070000,0,0,0
